n_permutations_length,width,layers,model,final_train_loss,train_r2,train_rmse,train_spearman,test_r2,test_rmse,test_spearman,rmse_gap,spearman_gap,fit_time_sec,predict_time_sec,n_epochs,n_random_walks_to_generate,n_random_walk_length
8,4,[4],MLP_4_epochs10_rwlen28_n_rw10000,59.95375029013975,0.0929720401763916,7.69308614730835,0.24484714421429185,0.046955227851867676,7.8858208656311035,0.16105540333306712,0.1927347183227539,0.08379174088122474,1.53410005569458,0.053202152252197266,10,10000,28
8,8,[8],MLP_8_epochs10_rwlen28_n_rw10000,3.181913060863523,0.9538519978523254,1.7352688312530518,0.9766551364909498,0.8370424509048462,3.2608249187469482,0.9314336527435778,1.5255560874938965,0.045221483747372004,2.6637184619903564,0.05328536033630371,10,10000,28
8,16,[16],MLP_16_epochs10_rwlen28_n_rw10000,2.092770621289302,0.9698527455329895,1.4025357961654663,0.9843794261103929,0.8494410514831543,3.134321689605713,0.9399954663745652,1.7317858934402466,0.04438395973582765,1.5304985046386719,0.05367636680603027,10,10000,28
8,24,[24],MLP_24_epochs10_rwlen28_n_rw10000,2.126146571914645,0.9702029228210449,1.394366979598999,0.9844843001596685,0.8512450456619263,3.1154873371124268,0.9411245592737545,1.7211203575134277,0.04335974088591399,1.5286686420440674,0.053655385971069336,10,10000,28
8,32,[32],MLP_32_epochs10_rwlen28_n_rw10000,2.7111709966276685,0.9610496759414673,1.5942113399505615,0.9796704211120467,0.8576224446296692,3.0479724407196045,0.9420891621098287,1.453761100769043,0.03758125900221798,1.5271637439727783,0.05362415313720703,10,10000,28
8,48,[48],MLP_48_epochs10_rwlen28_n_rw10000,1.416012611919946,0.9804889559745789,1.128314733505249,0.9900931508045111,0.8573294281959534,3.051107168197632,0.9452764665089203,1.9227924346923828,0.044816684295590825,1.5232148170471191,0.05348968505859375,10,10000,28
8,64,[64],MLP_64_epochs10_rwlen28_n_rw10000,1.5945125872636363,0.9775382876396179,1.210631251335144,0.9882645692585972,0.856605052947998,3.0588433742523193,0.9453442507314987,1.8482121229171753,0.04292031852709843,1.5358750820159912,0.05349373817443848,10,10000,28
8,128,[128],MLP_128_epochs10_rwlen28_n_rw10000,1.2274851041988735,0.9836257696151733,1.0336437225341797,0.9916511306098668,0.8599056005477905,3.023435354232788,0.9465443194376247,1.9897916316986084,0.04510681117224202,1.5500245094299316,0.053508758544921875,10,10000,28
8,256,[256],MLP_256_epochs10_rwlen28_n_rw10000,1.4910515511993074,0.9823258519172668,1.0738885402679443,0.9910846812823018,0.8608840107917786,3.0128588676452637,0.9445572034624987,1.9389703273773193,0.04652747781980304,1.5486841201782227,0.05351758003234863,10,10000,28
8,512,[512],MLP_512_epochs10_rwlen28_n_rw10000,0.9751782391193139,0.9888275265693665,0.8538176417350769,0.9943331003573505,0.8552665114402771,3.0730865001678467,0.9478084285992636,2.2192688584327698,0.04652467175808683,1.5567493438720703,0.053633689880371094,10,10000,28
8,1024,[1024],MLP_1024_epochs10_rwlen28_n_rw10000,0.7395032093907795,0.991696298122406,0.7360826134681702,0.9957077123144487,0.855600118637085,3.069542407989502,0.9480584542870134,2.333459794521332,0.04764925802743525,1.5598204135894775,0.053719520568847656,10,10000,28
12,4,[4],MLP_4_epochs10_rwlen66_n_rw10000,350.08823720059655,0.03569895029067993,18.707242965698242,0.048115819311291864,0.03887522220611572,18.676406860351562,0.07115892088260053,-0.030836105346679688,-0.02304310157130867,3.611473560333252,0.12546277046203613,10,10000,66
12,8,[8],MLP_8_epochs10_rwlen66_n_rw10000,119.5715760696766,0.6770600080490112,10.825909614562988,0.8251142264669693,0.6182199716567993,11.770910263061523,0.8023915335808367,0.9450006484985352,0.0227226928861326,3.61913800239563,0.12628746032714844,10,10000,66
12,16,[16],MLP_16_epochs10_rwlen66_n_rw10000,91.52471867051236,0.7522287964820862,9.482630729675293,0.8620062074514582,0.6983315944671631,10.463292121887207,0.8422136362586615,0.9806613922119141,0.01979257119279665,3.6102309226989746,0.12621855735778809,10,10000,66
12,24,[24],MLP_24_epochs10_rwlen66_n_rw10000,86.47068399828534,0.7636623382568359,9.26125717163086,0.8660749126671192,0.7234577536582947,10.018073081970215,0.8515363854426844,0.7568159103393555,0.014538527224434827,3.6262800693511963,0.12591195106506348,10,10000,66
12,32,[32],MLP_32_epochs10_rwlen66_n_rw10000,82.66493711249773,0.7735186219215393,9.066082954406738,0.8726658429097056,0.7226341962814331,10.032979011535645,0.8523015659007912,0.9668960571289062,0.02036427700891441,3.626620292663574,0.12590265274047852,10,10000,66
12,48,[48],MLP_48_epochs10_rwlen66_n_rw10000,79.07262221935183,0.7838727235794067,8.85642147064209,0.875515913322206,0.7327754497528076,9.847854614257812,0.8556781857966749,0.9914331436157227,0.019837727525531146,3.6350371837615967,0.12645840644836426,10,10000,66
12,64,[64],MLP_64_epochs10_rwlen66_n_rw10000,81.27203984223596,0.7784731984138489,8.966368675231934,0.8745423651807114,0.7283670902252197,9.928751945495605,0.8560408439226717,0.9623832702636719,0.01850152125803972,3.62842059135437,0.12626194953918457,10,10000,66
12,128,[128],MLP_128_epochs10_rwlen66_n_rw10000,76.35584920247396,0.7916029691696167,8.696595191955566,0.88026043370255,0.7430405616760254,9.656855583190918,0.8611943562854124,0.9602603912353516,0.019066077417137617,3.6426782608032227,0.12566852569580078,10,10000,66
12,256,[256],MLP_256_epochs10_rwlen66_n_rw10000,74.468798189385,0.7973730564117432,8.57535457611084,0.8835002342597446,0.7427526116371155,9.662264823913574,0.8627953266849087,1.0869102478027344,0.020704907574835896,3.660709857940674,0.12595200538635254,10,10000,66
12,512,[512],MLP_512_epochs10_rwlen66_n_rw10000,75.80980277837709,0.7949422001838684,8.626639366149902,0.8814329078184254,0.7471745014190674,9.578862190246582,0.8635858297394228,0.9522228240966797,0.017847078079002654,3.6797919273376465,0.12611889839172363,10,10000,66
12,1024,[1024],MLP_1024_epochs10_rwlen66_n_rw10000,75.70939648058987,0.7964475750923157,8.594915390014648,0.8832894020971039,0.7414922714233398,9.685905456542969,0.862082596698172,1.0909900665283203,0.02120680539893194,3.664297103881836,0.12589311599731445,10,10000,66
16,4,[4],MLP_4_epochs10_rwlen120_n_rw10000,878.8300393270551,0.2794485092163086,29.404109954833984,0.5385577314522895,0.2641708254814148,29.714200973510742,0.5181536782272984,0.3100910186767578,0.02040405322499106,6.573590993881226,0.22554326057434082,10,10000,120
16,8,[8],MLP_8_epochs10_rwlen120_n_rw10000,392.9635621679521,0.6827760934829712,19.510053634643555,0.8299294984760747,0.6682265996932983,19.95245361328125,0.8239451966658153,0.4423999786376953,0.005984301810259329,6.599857330322266,0.38116455078125,10,10000,120
16,16,[16],MLP_16_epochs10_rwlen120_n_rw10000,286.69963597112144,0.762993335723877,16.863815307617188,0.8705656118342774,0.7485607862472534,17.36968994140625,0.8624582098619493,0.5058746337890625,0.008107401972328065,6.591527700424194,0.3748133182525635,10,10000,120
16,24,[24],MLP_24_epochs10_rwlen120_n_rw10000,286.2702573574444,0.7644152641296387,16.81315040588379,0.8693027871539117,0.7507438659667969,17.294118881225586,0.8628423423086653,0.4809684753417969,0.006460444845246438,6.597930669784546,0.22507047653198242,10,10000,120
16,32,[32],MLP_32_epochs10_rwlen120_n_rw10000,274.41493977621553,0.7738918662071228,16.47151756286621,0.877787418374609,0.7536481022834778,17.193073272705078,0.8653696415337023,0.7215557098388672,0.012417776840906725,6.595621347427368,0.3763718605041504,10,10000,120
16,48,[48],MLP_48_epochs10_rwlen120_n_rw10000,271.6020103428551,0.7776381969451904,16.334491729736328,0.8778168517215564,0.763921856880188,16.83074951171875,0.8706746037159993,0.4962577819824219,0.0071422480055571835,6.639483690261841,0.22551965713500977,10,10000,120
16,64,[64],MLP_64_epochs10_rwlen120_n_rw10000,269.92908501218204,0.7783403992652893,16.308679580688477,0.875479017415374,0.7706378102302551,16.58962059020996,0.8717050627914738,0.2809410095214844,0.0037739546239002886,6.6062376499176025,0.3776569366455078,10,10000,120
16,128,[128],MLP_128_epochs10_rwlen120_n_rw10000,272.0507898949112,0.7776628136634827,16.333587646484375,0.8741132398237482,0.7761135101318359,16.390398025512695,0.8747304222152222,0.05681037902832031,-0.0006171823914740138,6.712123870849609,0.3812708854675293,10,10000,120
16,256,[256],MLP_256_epochs10_rwlen120_n_rw10000,250.78779314321056,0.7962594032287598,15.635591506958008,0.8855453649698577,0.7720200419425964,16.53955841064453,0.8738535964806362,0.9039669036865234,0.011691768489221488,6.70304536819458,0.22725200653076172,10,10000,120
16,512,[512],MLP_512_epochs10_rwlen120_n_rw10000,256.26066688303246,0.7942492961883545,15.712533950805664,0.8846394264618269,0.7799795269966125,16.248268127441406,0.8780030808531527,0.5357341766357422,0.00663634560867421,6.714178800582886,0.38011741638183594,10,10000,120
16,1024,[1024],MLP_1024_epochs10_rwlen120_n_rw10000,249.88305455751387,0.8020281791687012,15.41264820098877,0.889500651677253,0.7720643281936646,16.537952423095703,0.8732146611629605,1.1253042221069336,0.01628599051429247,6.689156770706177,0.22656893730163574,10,10000,120
20,4,[4],MLP_4_epochs10_rwlen190_n_rw10000,1349.465435225388,0.5656726956367493,36.14643859863281,0.7667498017980919,0.561464250087738,36.32114028930664,0.7651207286736711,0.17470169067382812,0.0016290731244208434,10.452274799346924,0.5173795223236084,10,10000,190
20,8,[8],MLP_8_epochs10_rwlen190_n_rw10000,723.8341928021662,0.7630614042282104,26.69776153564453,0.8725768481218238,0.7488726377487183,27.48552131652832,0.8642220063567052,0.7877597808837891,0.008354841765118581,10.486440896987915,0.5151035785675049,10,10000,190
20,16,[16],MLP_16_epochs10_rwlen190_n_rw10000,723.0738313280303,0.7623351812362671,26.738649368286133,0.8737332299375137,0.7555685043334961,27.11661720275879,0.8706544049241682,0.37796783447265625,0.003078825013345443,10.491741418838501,0.5210511684417725,10,10000,190
20,24,[24],MLP_24_epochs10_rwlen190_n_rw10000,618.7009572982788,0.797888457775116,24.657697677612305,0.8888709651353804,0.7907043695449829,25.092103958129883,0.8840396884294629,0.4344062805175781,0.004831276705917542,10.527154207229614,0.5108551979064941,10,10000,190
20,32,[32],MLP_32_epochs10_rwlen190_n_rw10000,629.0914388853928,0.7947396039962769,24.849037170410156,0.8880997823425458,0.7898340225219727,25.14422035217285,0.8852951529145935,0.2951831817626953,0.002804629427952343,10.51338267326355,0.3594858646392822,10,10000,190
20,48,[48],MLP_48_epochs10_rwlen190_n_rw10000,604.6999208187235,0.803316056728363,24.324359893798828,0.8916023225387902,0.7874282598495483,25.287723541259766,0.8832747960379754,0.9633636474609375,0.008327526500814808,10.48634386062622,0.5098261833190918,10,10000,190
20,64,[64],MLP_64_epochs10_rwlen190_n_rw10000,585.7913765578435,0.8109345436096191,23.84861183166504,0.8958833564721174,0.7972497940063477,24.696622848510742,0.887754983431467,0.8480110168457031,0.008128373040650394,10.459297895431519,0.5056877136230469,10,10000,190
20,128,[128],MLP_128_epochs10_rwlen190_n_rw10000,575.7524872648305,0.8158245086669922,23.53818130493164,0.8989699971835493,0.7860425114631653,25.370014190673828,0.8828652368730787,1.8318328857421875,0.01610476031047059,10.625744581222534,0.513920783996582,10,10000,190
20,256,[256],MLP_256_epochs10_rwlen190_n_rw10000,579.5201184502963,0.817175567150116,23.45168685913086,0.8996608036164687,0.7931531071662903,24.944881439208984,0.8857404488172431,1.493194580078125,0.013920354799225598,10.716918230056763,0.515965461730957,10,10000,190
20,512,[512],MLP_512_epochs10_rwlen190_n_rw10000,560.5746792760389,0.828170895576477,22.735546112060547,0.9064989114127682,0.782553493976593,25.576030731201172,0.8814055183629268,2.840484619140625,0.025093393049841373,10.547322273254395,0.35784244537353516,10,10000,190
20,1024,[1024],MLP_1024_epochs10_rwlen190_n_rw10000,535.0494401865992,0.8430913686752319,21.726032257080078,0.9153978509597643,0.7864110469818115,25.348155975341797,0.8821050073531691,3.6221237182617188,0.033292843606595235,10.743608236312866,0.5312621593475342,10,10000,190
24,4,[4],MLP_4_epochs10_rwlen276_n_rw10000,4265.152009233877,0.3370044231414795,64.87403869628906,0.5467382536350989,0.34975194931030273,64.2473373413086,0.5593286919532585,-0.6267013549804688,-0.012590438318159647,15.201727390289307,0.8345129489898682,10,10000,276
24,8,[8],MLP_8_epochs10_rwlen276_n_rw10000,1438.351081327444,0.778504490852356,37.497135162353516,0.8829480685898227,0.8137590289115906,34.38374710083008,0.9060398543540347,-3.1133880615234375,-0.023091785764212003,15.20336627960205,0.6772520542144775,10,10000,276
24,16,[16],MLP_16_epochs10_rwlen276_n_rw10000,1277.6878820130662,0.8037207126617432,35.2982177734375,0.8958717504382351,0.8356992602348328,32.295005798339844,0.91666969580785,-3.0032119750976562,-0.02079794536961488,15.170347213745117,0.5230164527893066,10,10000,276
24,24,[24],MLP_24_epochs10_rwlen276_n_rw10000,1224.4815465095135,0.8118685483932495,34.557823181152344,0.9001055869639866,0.8365961313247681,32.20674133300781,0.9151232097629323,-2.3510818481445312,-0.015017622798945696,15.166019201278687,0.6530702114105225,10,10000,276
24,32,[32],MLP_32_epochs10_rwlen276_n_rw10000,1282.70603811564,0.8037605285644531,35.29464340209961,0.8953767086422968,0.8371949791908264,32.14767074584961,0.9185551303439436,-3.14697265625,-0.023178421701646856,15.18324089050293,0.6704661846160889,10,10000,276
24,48,[48],MLP_48_epochs10_rwlen276_n_rw10000,1210.2989795130154,0.8150032758712769,34.268699645996094,0.9015774708596404,0.8493177890777588,30.927623748779297,0.9233806194044608,-3.341075897216797,-0.02180314854482046,15.335135459899902,0.6592733860015869,10,10000,276
24,64,[64],MLP_64_epochs10_rwlen276_n_rw10000,1182.8503683978797,0.8216891884803772,33.64375686645508,0.9029277133036667,0.850428581237793,30.813417434692383,0.9202124236900127,-2.8303394317626953,-0.017284710386345936,15.274823904037476,0.522590160369873,10,10000,276
24,128,[128],MLP_128_epochs10_rwlen276_n_rw10000,1132.5084896597027,0.832561731338501,32.60190963745117,0.90935076989316,0.8429521322250366,31.57414436340332,0.9163574301448452,-1.0277652740478516,-0.007006660251685171,15.462940454483032,0.5217187404632568,10,10000,276
24,256,[256],MLP_256_epochs10_rwlen276_n_rw10000,1006.3169957509027,0.8566980361938477,30.160717010498047,0.9234703231765137,0.8469092845916748,31.17382049560547,0.9179814238287308,1.0131034851074219,0.00548889934778285,15.591912746429443,0.658444881439209,10,10000,276
24,512,[512],MLP_512_epochs10_rwlen276_n_rw10000,933.3329698240015,0.8763498067855835,28.01644515991211,0.9352641394564635,0.842189371585846,31.650732040405273,0.9157866358682676,3.634286880493164,0.019477503588195888,15.498707056045532,0.6596202850341797,10,10000,276
24,1024,[1024],MLP_1024_epochs10_rwlen276_n_rw10000,975.9690144479451,0.8802347779273987,27.572805404663086,0.9376759781725341,0.8291902542114258,32.928497314453125,0.9098446010919184,5.355691909790039,0.02783137708061567,15.591049194335938,0.6581840515136719,10,10000,276
28,4,[4],MLP_4_epochs10_rwlen378_n_rw10000,8083.677945848922,0.32824647426605225,89.43441009521484,0.5332038597704415,0.3043366074562073,91.01211547851562,0.5025158196753784,1.5777053833007812,0.030688040095063096,20.85355544090271,0.8452913761138916,10,10000,378
28,8,[8],MLP_8_epochs10_rwlen378_n_rw10000,2721.98266052709,0.7782954573631287,51.379154205322266,0.8840414196464755,0.7478560209274292,54.792850494384766,0.8718327673323221,3.4136962890625,0.012208652314153468,20.814488887786865,0.7123370170593262,10,10000,378
28,16,[16],MLP_16_epochs10_rwlen378_n_rw10000,2400.9864106514083,0.8043173551559448,48.269832611083984,0.8971378943882058,0.7662259936332703,52.7591438293457,0.8780089908299066,4.489311218261719,0.019128903558299215,20.80528426170349,0.7177712917327881,10,10000,378
28,24,[24],MLP_24_epochs10_rwlen378_n_rw10000,2042.97470737511,0.8359141945838928,44.20131301879883,0.9149925330291901,0.7820942401885986,50.937076568603516,0.8875827020693633,6.7357635498046875,0.027409830959826853,20.827293395996094,0.8485710620880127,10,10000,378
28,32,[32],MLP_32_epochs10_rwlen378_n_rw10000,2063.967446572086,0.8340889811515808,44.44647216796875,0.9126009104966081,0.8029474020004272,48.43850326538086,0.894249084416231,3.9920310974121094,0.01835182608037711,20.784998416900635,0.8552291393280029,10,10000,378
28,48,[48],MLP_48_epochs10_rwlen378_n_rw10000,2000.5848640284844,0.841068685054779,43.50151443481445,0.9159564745474968,0.7957810163497925,49.311439514160156,0.8893960528720559,5.809925079345703,0.026560421675440926,21.030024528503418,1.012082815170288,10,10000,378
28,64,[64],MLP_64_epochs10_rwlen378_n_rw10000,1873.251966780211,0.8533463478088379,41.787471771240234,0.9223153290693898,0.7894306182861328,50.072265625,0.8863286973191591,8.284793853759766,0.03598663175023076,20.92726969718933,0.8544669151306152,10,10000,378
28,128,[128],MLP_128_epochs10_rwlen378_n_rw10000,1709.8422565894164,0.8701171875,39.325618743896484,0.9308703651330075,0.8125764727592468,47.240196228027344,0.897900539082657,7.914577484130859,0.03296982605035048,21.14816379547119,0.8598926067352295,10,10000,378
28,256,[256],MLP_256_epochs10_rwlen378_n_rw10000,1719.78125085965,0.8784679770469666,38.0403938293457,0.9362154378931191,0.8059364557266235,48.069725036621094,0.8956988422140807,10.02933120727539,0.040516595679038425,21.176745414733887,0.7193260192871094,10,10000,378
28,512,[512],MLP_512_epochs10_rwlen378_n_rw10000,1511.0369479261008,0.9041336178779602,33.78569412231445,0.9511124006495774,0.7849889993667603,50.59760665893555,0.8859172885694826,16.811912536621094,0.06519511208009476,21.294087409973145,0.7170441150665283,10,10000,378
28,1024,[1024],MLP_1024_epochs10_rwlen378_n_rw10000,1297.931313379356,0.9250575304031372,29.87196159362793,0.9621471091027384,0.7841842770576477,50.692203521728516,0.8862085996779724,20.820241928100586,0.07593850942476599,21.210113763809204,0.8585307598114014,10,10000,378
