n,epochs,optimizer,lr,weight_decay,hidden_dim,test_r2,test_rmse,test_spearman,train_r2,train_rmse,fit_time,predict_time,final_train_loss,final_val_loss
16,25,adam,0.001,0.0,512,0.5704831480979919,24.215654373168945,0.750631511980971,-9.375364303588867,18.573659896850586,77.87740468978882,0.01933908462524414,567.4927723266602,583.8638916015625
16,25,adam,0.0005,0.0,512,0.5708910226821899,24.204153060913086,0.7510329944384149,-9.564427375793457,18.742124557495117,80.06201195716858,0.026874065399169922,569.1902451049805,581.9205322265625
16,25,adamw,0.001,0.01,512,0.5685725212097168,24.269453048706055,0.7493417565530176,-9.250531196594238,18.461585998535156,80.17710399627686,0.02061319351196289,566.3937909545898,597.7789306640625
16,25,adamw,0.0005,0.01,512,0.5696743130683899,24.23844337463379,0.7500267236628463,-10.59248161315918,19.63288116455078,78.99071836471558,0.019937992095947266,569.5393782958985,584.1549072265625
16,50,adam,0.001,0.0,512,0.5697770118713379,24.235551834106445,0.7500644384842945,-8.68271541595459,17.942974090576172,159.39849996566772,0.021065711975097656,563.9768073608399,598.6212768554688
16,50,adam,0.0005,0.0,512,0.5709315538406372,24.203012466430664,0.750881373523668,-9.232060432434082,18.444944381713867,162.89065647125244,0.020035982131958008,566.4192389526368,577.1187744140625
16,50,adamw,0.001,0.01,512,0.5685166120529175,24.271026611328125,0.749406562027752,-9.204103469848633,18.419729232788086,155.72165966033936,0.020272016525268555,563.4816267456055,588.8676147460938
16,50,adamw,0.0005,0.01,512,0.5705345273017883,24.214204788208008,0.7505402896582428,-8.061049461364746,17.3574161529541,155.62627577781677,0.02068305015563965,565.7906180419922,584.9091796875
16,100,adam,0.001,0.0,512,0.5700681209564209,24.22734832763672,0.7516066090043788,-6.602885723114014,15.899558067321777,311.7467427253723,0.02297043800354004,560.0878911621094,592.4984130859375
16,100,adam,0.0005,0.0,512,0.571408212184906,24.189563751220703,0.7512604174566074,-9.315707206726074,18.520185470581055,305.24831795692444,0.02196025848388672,566.0540118896485,594.3789672851562
16,100,adamw,0.001,0.01,512,0.5680273771286011,24.284780502319336,0.7491444260068729,-10.409786224365234,19.477561950683594,308.0459563732147,0.021377086639404297,565.8882732666016,591.1023559570312
16,100,adamw,0.0005,0.01,512,0.571637749671936,24.18308448791504,0.7513021023945154,-8.545059204101562,17.814971923828125,313.77450489997864,0.025070667266845703,568.6293314086914,584.999755859375
32,25,adam,0.001,0.0,512,0.6567879915237427,43.2939567565918,0.8054729019992515,-14.442736625671387,22.65989875793457,188.01778721809387,0.09192681312561035,1869.2455296386718,1882.283935546875
32,25,adam,0.0005,0.0,512,0.6615892648696899,42.99006271362305,0.8087509040780889,-13.405861854553223,21.88595199584961,190.6914346218109,0.09382009506225586,1870.0537046142579,1821.9656982421875
32,25,adamw,0.001,0.01,512,0.6610028743743896,43.02729797363281,0.8082846737036328,-13.48091983795166,21.942893981933594,190.94363045692444,0.09299468994140625,1893.8957685058595,1845.7451171875
32,25,adamw,0.0005,0.01,512,0.6596764326095581,43.111392974853516,0.8074025865035241,-14.768264770507812,22.897483825683594,189.98208594322205,0.09188175201416016,1872.5302993896485,1877.3916015625
32,50,adam,0.001,0.0,512,0.6598142981529236,43.102657318115234,0.8074493546810404,-13.389875411987305,21.87380599975586,372.8309106826782,0.09173393249511719,1860.925235961914,1893.763916015625
32,50,adam,0.0005,0.0,512,0.6610469222068787,43.024497985839844,0.8081865957484985,-14.380446434020996,22.614151000976562,372.96529960632324,0.09127402305603027,1887.8034395751954,1818.042724609375
32,50,adamw,0.001,0.01,512,0.659496009349823,43.12281799316406,0.8074509632792539,-12.194594383239746,20.945650100708008,379.6135723590851,0.0913858413696289,1883.3110629394532,1855.591552734375
32,50,adamw,0.0005,0.01,512,0.6587419509887695,43.17053985595703,0.8065956290238048,-14.15867805480957,22.450525283813477,379.88079142570496,0.09137582778930664,1871.6945251708985,1876.76953125
32,100,adam,0.001,0.0,512,0.6612050533294678,43.014461517333984,0.8083461565072146,-11.308037757873535,20.229736328125,745.3290622234344,0.09137701988220215,1871.631869165039,1866.1043701171875
32,100,adam,0.0005,0.0,512,0.6612931489944458,43.00886917114258,0.8081894307076769,-12.300583839416504,21.02960777282715,746.0165445804596,0.09142518043518066,1862.3296590332031,1847.7532958984375
32,100,adamw,0.001,0.01,512,0.6613247394561768,43.00686264038086,0.8085369173663596,-14.444782257080078,22.661399841308594,758.7041823863983,0.0906524658203125,1875.5193122070314,1870.5423583984375
32,100,adamw,0.0005,0.01,512,0.6611565351486206,43.017539978027344,0.8080771358087453,-13.1578950881958,21.696773529052734,758.9832534790039,0.09102725982666016,1869.432606640625,1826.3399658203125
48,25,adam,0.001,0.0,512,0.6762614846229553,63.07196044921875,0.8164023711841527,-16.169748306274414,23.89339256286621,278.4155900478363,0.2841477394104004,3795.256531575521,3949.29541015625
48,25,adam,0.0005,0.0,512,0.6770423054695129,62.995849609375,0.8169266524485206,-15.27479362487793,23.26235008239746,278.6625118255615,0.2821652889251709,3771.6866358072916,3939.78515625
48,25,adamw,0.001,0.01,512,0.6737074851989746,63.32025909423828,0.8144623454986705,-14.265702247619629,22.529638290405273,283.63885617256165,0.28349733352661133,3838.276222591146,4117.77490234375
48,25,adamw,0.0005,0.01,512,0.6747358441352844,63.220401763916016,0.8153762445361427,-14.443474769592285,22.66044044494629,284.0009744167328,0.284076452255249,3833.0902389973958,3982.05908203125
48,50,adam,0.001,0.0,512,0.6765437722206116,63.044456481933594,0.8165132494173215,-14.068831443786621,22.383892059326172,555.8596746921539,0.2823972702026367,3774.857703059896,3931.35107421875
48,50,adam,0.0005,0.0,512,0.6801284551620483,62.69414138793945,0.8185769041895307,-14.654908180236816,22.815032958984375,557.207674741745,0.2825307846069336,3816.115878971354,4045.495849609375
48,50,adamw,0.001,0.01,512,0.6764653325080872,63.052101135253906,0.8165308431654534,-14.045602798461914,22.366634368896484,566.4749326705933,0.28229403495788574,3749.192646809896,3975.876708984375
48,50,adamw,0.0005,0.01,512,0.6787573099136353,62.828369140625,0.8174671150314675,-15.322038650512695,23.296091079711914,567.519856929779,0.2818489074707031,3831.243586393229,3913.18701171875
48,100,adam,0.001,0.0,512,0.6790927648544312,62.79555130004883,0.8178901577639922,-16.647705078125,24.223670959472656,1110.8128385543823,0.2833137512207031,3718.3762285807293,4018.573486328125
48,100,adam,0.0005,0.0,512,0.6802853941917419,62.67875671386719,0.8187063295166774,-14.331735610961914,22.57831382751465,1112.7269682884216,0.2834632396697998,3721.9519374348956,4004.567138671875
48,100,adamw,0.001,0.01,512,0.6765285730361938,63.04594039916992,0.8161924961893474,-13.4976224899292,21.95554542541504,1132.520668745041,0.2827785015106201,3791.7493591796874,4106.263671875
48,100,adamw,0.0005,0.01,512,0.6794086694717407,62.76463317871094,0.8180223231820436,-14.485025405883789,22.690902709960938,1563.0938663482666,0.41793346405029297,3767.7953678385416,3896.124755859375
64,25,adam,0.001,0.0,512,0.6925863027572632,81.94832611083984,0.8269912556427927,-14.37022876739502,22.606637954711914,576.3988666534424,0.6373555660247803,6157.9130484375,6890.10693359375
64,25,adam,0.0005,0.0,512,0.6965693235397339,81.41571044921875,0.8291623566387656,-15.942241668701172,23.73456382751465,579.9556603431702,0.6362094879150391,6204.157356640625,6627.49072265625
64,25,adamw,0.001,0.01,512,0.6959827542304993,81.49436950683594,0.8284953393034976,-19.287172317504883,25.972070693969727,591.6319303512573,0.6353979110717773,6195.09826484375,6769.765625
64,25,adamw,0.0005,0.01,512,0.6994872093200684,81.02330780029297,0.8308105275865071,-15.35660171508789,23.320741653442383,592.9823713302612,0.6369121074676514,6275.251429882813,6485.42822265625
64,50,adam,0.001,0.0,512,0.6918146014213562,82.0511245727539,0.8260171176143156,-15.983217239379883,23.763248443603516,1158.2882208824158,0.6374421119689941,6180.883513769531,6567.62451171875
64,50,adam,0.0005,0.0,512,0.698826253414154,81.11235809326172,0.8305650974029734,-12.583944320678711,21.252437591552734,1160.0531730651855,0.6386029720306396,6177.88761484375,6547.203125
64,50,adamw,0.001,0.01,512,0.6954524517059326,81.56542205810547,0.8282059034042164,-14.48869800567627,22.693593978881836,1184.8593056201935,0.6350855827331543,6213.956040136719,6758.27197265625
64,50,adamw,0.0005,0.01,512,0.6986716985702515,81.13317108154297,0.830436654761345,-16.106781005859375,23.849538803100586,1185.5179235935211,0.6377980709075928,6242.255790332031,6596.744140625
64,100,adam,0.001,0.0,512,0.6987751722335815,81.11924743652344,0.8303106208617677,-20.61224365234375,26.806848526000977,2314.171100139618,0.6379435062408447,6130.5491423828125,6555.07470703125
64,100,adam,0.0005,0.0,512,0.7019912600517273,80.6850357055664,0.8322563689964332,-12.914395332336426,21.50938606262207,2319.0532693862915,0.6387603282928467,6170.060259765625,6705.2333984375
64,100,adamw,0.001,0.01,512,0.6975635290145874,81.2822265625,0.8295500015139169,-16.58538055419922,24.180858612060547,2413.0542409420013,0.6402137279510498,6169.3328890625,6629.953125
64,100,adamw,0.0005,0.01,512,0.6989358067512512,81.09760284423828,0.8303745367542007,-21.710590362548828,27.479576110839844,2444.4692854881287,0.6390879154205322,6217.654176855469,6483.7890625
